first,last,Rank,linkedin,Growth,Jan 24,title,company,location,Jul 23,Total Ranking,Top Voice,Followers Added
Chris,Rocas,1,https://www.linkedin.com/in/chrisrocas,250%,53170,VP Sales,TemperPak,New York,15201,53,,37969
Josh,Braun,2,https://www.linkedin.com/in/josh-braun/,12%,212212,Founder,Braun Training,"Boca Raton, Florida",189612,6,Top Voice,22600
Chris,Orlob,3,https://www.linkedin.com/in/chrisorlob/,19%,124184,Co-Founder & CEO,QuotaSignal,"San Mateo, California",104252,13,,19932
Matthew,Lakajev,4,https://www.linkedin.com/in/mattlakajev/,222%,25663,Founder,Unlock AI,"Lavender Bay, New South Wales, Australia",7974,128,,17689
Ryan,Walsh,5,https://www.linkedin.com/in/ryancwalsh/,22%,90976,Founder and CEO,RepVue,"Chapel Hill, North Carolina",74711,18,,16265
Jason,Lemkin,6,https://www.linkedin.com/in/jasonmlemkin/,6%,255193,Trusted Advisor,SaaS ,"Palo Alto, California",239792,3,,15401
Alexis,Scott,7,https://www.linkedin.com/in/alexisjscott/,30%,67336,Peer Ambassador - Sales Community,Gartner,"Boise, Idaho",51968,37,,15368
Nate,Nasralla,8,https://www.linkedin.com/in/natenasralla,39%,53751,Co-Founder,Fluint,"Denver, CO",38576,52,,15175
Christian,Krause,9,https://www.linkedin.com/in/chrisbits/,25%,75021,Founder of the SaaS Sales Academy,SaaS Sales Systems,Barcelona,59997,31,,15024
Samantha,McKenna,10,https://www.linkedin.com/in/samsalesli/,21%,83841,Founder,samsales Consulting,Washington,69303,19,Top Voice,14538
Sam,Jacobs,11,https://www.linkedin.com/in/samfjacobs/,22%,79290,Founder & CEO,Pavilion,"New York, New York",65151,21,,14139
Mike,Gallardo,12,https://www.linkedin.com/in/mike-gallardo-62a55b29/,65%,35154,Senior Sales Director,Deel,"Portland, Oregon",21348,93,,13806
Jen,Allen-Knuth,13,https://www.linkedin.com/in/demandjen1,39%,44286,Community Growth,Lavender,"Chicago, IL",31805,71,,12481
Andy,Mewborn,14,https://www.linkedin.com/in/amewborn/,7%,177479,Founder,Distribute,"Austin, Texas",165195,9,,12284
Darren,McKee,15,https://www.linkedin.com/in/mckeesaasbros/,13%,106564,Vice President of Sales,Skye,"Chapel Hill, NC",94690,17,,11874
Ian,Koniak,16,https://www.linkedin.com/in/iankoniak/,24%,60155,Founder & CEO,Ian Koniak Sales Coaching Inc.,"El Segundo, California",48449,43,,11706
Chris,Ritson,17,https://www.linkedin.com/in/chris-ritson/,45%,33767,Co-Founder + CEO,Flexprts,United Kingdom,23289,100,Top Sales Voice,10478
Kyle,Coleman,18,https://www.linkedin.com/in/kyletcoleman,10%,113495,Chief Marketing Officer, Copy.ai ,"Denver, Colorado",103164,15,Top Voice,10331
Brian,Burns,19,https://www.linkedin.com/in/brianburns/,4%,249099,Host,The Best of The Brutal Truth about Sales PodCast,"San Francisco, California",238885,5,Top Voice,10214
Jason,Bay,20,https://www.linkedin.com/in/jasondbay/,16%,68302,Founder & CEO,Outbound Squad,"Vancouver, Washington",58784,36,Top Voice,9518
Kevin,Meyer,21,https://www.linkedin.com/in/kevin-meyer-2931b9b1,93%,19705,Account Executive - Online Brand Protection,Corsearch,"Barcelona, Catalonia, Spain",10228,168,,9477
Florin,Tatulea,22,https://www.linkedin.com/in/florintatulea/,20%,55369,Director of Sales,Barley,"Toronto, Ontario, Canada",45980,47,Top Voice,9389
Daniel,Murray,23,https://www.linkedin.com/in/daniel-murray-marketing/,7%,131648,Content Creator,Workweek,"Austin, Texas",122790,11,Top Digital Marketing Voice,8858
Zoe,Hartsfield,24,https://www.linkedIn.com/in/zoehart,21%,50793,Strategic Advisor,Gated,"Colorado Springs, Colorado",41967,57,,8826
Salman,Mohiuddin,25,https://www.linkedin.com/in/salmanmohiuddin,12%,77120,Founder,Salman Sales Academy,"Toronto, Ontario, Canada",68621,24,,8499
Morgan,Ingram,26,https://www.linkedin.com/in/morganjingram/,6%,159827,Founder and Chief Edutainment Officer (CEO), AMP ,"Atlanta, GA",151427,10, Top Voice,8400
Kevin,Dorsey,27,https://www.linkedin.com/in/kddorsey3/,7%,118065,SVP of Sales and Partnerships,Bench Accounting,"Austin, Texas",109924,14,Top Voice,8141
Krysten,Conner,28,https://www.linkedin.com/in/krystenconner/,28%,36334,Enterprise Account Executive,UserGems,"Austin, Texas",28302,89,,8032
Anthony,Natoli,29,linkedin.com/in/anthony-natoli,24%,40695,Senior Account Executive,LinkedIn,"New York, New York",32815,78,,7880
Brandon,Fluharty,30,https://www.linkedin.com/in/brandonfluharty/,11%,76111,Content Creator,brandonfluharty.com,"Sarasota, Florida",68357,26,Top Voice,7754
Tom,Boston,31,https://www.linkedin.com/in/tom-boston/,21%,43475,Brand Awareness Manager,Salesloft,United Kingdom,36010,73,Top Social Selling Voice,7465
Eric,Nowoslawski,32,https://www.linkedin.com/in/outboundphd/,42%,24779,Growth,Clay,"New York",17443,136,Top Lead Generation Voice,7336
John,Barrows,33,https://www.linkedin.com/in/johnbarrows/,2%,394387,CEO,JB Sales,"Boston, Massachusetts",387802,1,,6585
Will,Allred,34,https://www.linkedin.com/in/williamallred/,9%,75900,Co-founder,Lavender,"Atlanta, Georgia",69408,27,Top Voice,6492
Marcus,Chan,35,https://www.linkedin.com/in/marcuschanmba/,9%,75040,Author of Six-Figure Sales Secrets,"The Ultimate Guide to Overfilling Your Pipeline, Closing More, and Earning in the Top 1%","Portland, Oregon",68688,30,Top Voice,6352
Alex,Alleyne,36,https://www.linkedin.com/in/alexalleyne/,18%,41120,Founder & CEO,Fetched.ai,"London, England",34786,76,,6334
Leslie,Venetz,37,https://www.linkedin.com/in/leslievenetz/,21%,34574,Founder,Sales Team Builder,"Chicago, Illinois",28494,96,Top Voice,6080
Ben,Goodey,38,https://www.linkedin.com/in/benjamingoodey/,18%,38417,Founder,How the F*ck,"London, England",32501,85,,5916
Nick,Cegelski,39,https://www.linkedin.com/in/nick-cegelski/,11%,55376,Founder,30 Minutes to President’s Club,"Los Angeles, California",49734,46,Top Voice,5642
Alexine,Mudawar,40,https://www.linkedin.com/in/alexine-mudawar/,19%,34416,Chief Executive Officer,Women in Sales,"Chicago, Illinois",28955,97,Top Voice,5461
Jed,Mahrle,41,https://www.linkedin.com/in/outboundsales/,16%,38513,Founder,Practical Prospecting,"Detroit, Michigan",33154,84,Top Social Selling Voice,5359
Armand,Farrokh,42,https://www.linkedin.com/in/armand-farrokh/,11%,52486,Founder x Host,30 Minutes to President's Club,"San Francisco, California,",47142,54,,5344
Will,Aitken,43,https://www.linkedin.com/in/justwillaitken/,12%,48056,Chief Vice Directing President of Managing Things,WillAitken.com,"Halifax, Nova Scotia, Canada",42771,59,,5285
Noah,Kagan,44,https://www.linkedin.com/in/noahkagan/,7%,82135,Chief Sumo & CEO,AppSumo,"Austin, Texas",76903,20,,5232
Scott,Leese,45,https://www.linkedin.com/in/scottleese/,5%,108574,CEO & Founder,Scott Leese Consulting,"Austin, Texas",103422,16,Top Strategy Voice,5152
Daniel,Disney,46,https://www.linkedin.com/in/danieldisney/,4%,125997,"International Keynote Speaker / LinkedIn, Social Selling & Sales Navigator Trainer",Daniel Disney - Speaker/Trainer/Author,"London, England",120937,12,,5060
Mark,Kosoglow,47,https://www.linkedin.com/in/mkosoglow/,11%,46868,Chief Revenue Officer (CRO),Catalyst Software,"State College, Pennsylvania",42096,62,,4772
Amy,Volas,48,https://www.linkedin.com/in/amyvolas/,6%,78595,Founder & CEO,Avenue Talent Partners,"Grand Rapids, Michigan",73834,22,Top Voice,4761
Wayne,Morris,49,https://www.linkedin.com/in/waynemorris/,27%,22108,Founder,Wayne Morris Consulting,"San Francisco, California",17441,151,Top Voice,4667
Ben,Wright,50,https://www.linkedin.com/in/benji-wright/,35%,17901,Strategic Advisor,Sendspark,"Salt Lake City, Utah",13239,185,,4662
Belal,Batrawy,51,https://www.linkedin.com/in/belbatrawy/,8%,63315,Founder,DeathtoFluff,"Atlanta, Georgia",58675,39,,4640
Kyle,Willis,52,https://www.linkedin.com/in/kylejwillis/,13%,39138,Founder,8STR8,"Huntington Beach, California",34658,81,Top Voice,4480
Hannah,Ajikawo,53,https://www.linkedin.com/in/hannah-ajikawo/,24%,23166,CEO & Founder,Revenue Funnel,"London, England",18709,144,Top Voice,4457
Amelia,Taylor,54,https://www.linkedin.com/in/tayloramelia/,21%,25654,Founder,At the Revenue Table,"Tampa, Florida",21216,129,Top Influencer Marketing Voice,4438
Jeb,Blount,55,https://www.linkedin.com/in/jebblount/,6%,73410,CEO,"Sales Gravy, Inc.","Thomson, Georgia",69000,32,,4410
Benjamin,Dennehy,56,https://www.linkedin.com/in/benjamindennehy/,9%,52002,UK's Most Hated Sales Trainer® ,Let's Pretend I Could Ltd,"Bournemouth, England",47670,55,,4332
Jake,Dunlap,57,https://www.linkedin.com/in/jakedunlap/,6%,76981,Chief Executive Officer,Skaled Consulting ,"Austin, Texas",72673,25,Top Voice,4308
Charlotte,Johnson,58,https://www.linkedin.com/in/charlotte-johnson-932524109/,10%,45691,Account Executive,Salesloft,"London, England",41447,65,,4244
Mor,Assouline,59,https://www.linkedin.com/in/morassouline/,20%,25476,Founder,FDTC SaaS Sales Consulting & Training,"Miami, Florida",21260,131,,4216
Nate,Stoltenow,60,https://www.linkedin.com/in/natestoltenow/,14%,33856,CRO & Founder,Humble Co.,"Salt Lake City, Utah",29660,99,,4196
Andy,Laws,61,https://www.linkedin.com/in/andy-laws-a9320457,69%,10270,Senior Business Development Manager,Braze,"London, England",6081,276,,4189
Shari,Levitin,62,https://www.linkedin.com/in/sharilevitin/,7%,62865,Passionate Global Sales Leader| Empowering Businesses with the Tools to Increase Profit & Grow | CEO,Levitin Group,"Salt Lake City, utah",58710,41,,4155
Dale,Dupree,63,https://www.linkedin.com/in/copierwarrior/,6%,73249,Founder and CSO,The Sales Rebellion,"Knoxville, TN",69096,33,,4153
Dom,Odoguardi,64,https://www.linkedin.com/in/odoguardi/,257%,5562,Head of GTM,Trellus,Boston,1554,360,,4008
Stephan,Hamilton,65,https://www.linkedin.com/in/stephan-hamilton-5774511ab/,14%,32855,Co-founder,The SDR Newsletter,"New York, New York",28887,105,Top Sales Development Voice,3968
Brandon,Baker,66,https://www.linkedin.com/in/brandon-baker-b09579156/,45%,12344,Senior Account Executive,Mathison,"San Francisco, California",8489,246,Top Sales Voice,3855
Ricky,Pearl,67,https://www.linkedin.com/in/rickypearl/,29%,16366,Co-Founder,Pointer,"Melbourne, Victoria, Australia",12668,201,Top Sales Operations Voice,3698
Becc,Holland,68,https://www.linkedin.com/in/becc-holland-8950943a/,8%,49124,CEO & Founder,Flip the Script,"San Francisco, California",45432,58,,3692
Sahil,Mansuri,69,https://www.linkedin.com/in/sahilmansuri/,5%,72065,CEO,Bravado,"San Francisco, California",68396,34,,3669
Dan,Martell,70,https://www.linkedin.com/in/dmartell/,9%,46185,Founder & CEO,SaaS Academy,"Kelowna, British Columbia, Canada",42516,64,,3669
David,Weiss,71,https://www.linkedin.com/in/davidlbweiss/,23%,19085,Chief Revenue Officer,The Sales Collective,"Houston, Texas",15470,171,,3615
Jesse,Ouellette,72,https://www.linkedin.com/in/jesseoue,10%,38225,Founder,LeadMagic,"Boston, MA",34684,86,Top Voice,3541
Thibaut,Souyris,73,https://www.linkedin.com/in/thibautsouyris/,11%,36540,CEO & Founder,SalesLabs,"Berlin, Germany ",33006,88,Top Voice,3534
Elric,Legloire,74,https://www.linkedin.com/in/elriclegloire/,14%,28944,SDR Manager,Agorapulse,Mexico City,25444,113,,3500
Jordan,Crawford,75,https://www.linkedin.com/in/jordancrawford,31%,14648,Founder,Blueprint,"San Francisco, California",11175,220,,3473
Jan,Benedikt Mundorf,76,https://www.linkedin.com/in/jan-b-mundorf/,25%,17047,Account Executive,Pleo,"Stockholm, Stockholm County, Sweden",13594,190,Top Sales Prospecting Voice,3453
Tito,Bohrt,77,https://www.linkedin.com/in/titobohrt/,7%,54001,CEO,AltiSales,"Miami, Florida",50637,50,Top Lead Generation Voice,3364
Skye,Snayd,78,https://www.linkedin.com/in/skyesnayd/,44%,11060,Co-Founder & CEO,Skyeline Consulting,"Sandy, Utah",7700,266,,3360
Jacco,van der Kooij,79,https://www.linkedin.com/in/jaccovanderkooij/,10%,36126,Founder,Winning by Design,"San Francisco, California",32792,90,,3334
Kevin,Gaither,80,https://www.linkedin.com/in/kevingaither/,24%,16810,CRO and Founder,Inside Sales Expert,"Los Angeles, California",13576,192,,3234
Michael,Pyle,81,https://www.linkedin.com/in/michael-e-pyle-8a8b2546,70%,7857,Managing Partner,Challenge Everything Financial,Kansas City,4628,325,,3229
Scott,Brinker,82,https://www.linkedin.com/in/sjbrinker/,9%,38739,VP Platform Ecosystem,HubSpot,"Cambridge, Massachusetts",35516,83,,3223
Sangram,Vajre,83,https://www.linkedin.com/in/sangramvajre/,8%,45336,co-founder and CEO,GTM Partners,"Atlanta, GA",42117,67,,3219
Gabi,Sayah,84,https://www.linkedin.com/in/gabisayah,12%,28862,Business Development Manager,Deeto,"New York, New York",25659,114,,3203
Sarah,Brazier,85,https://www.linkedin.com/in/sjbrazier/,5%,62114,Advisor,SecondBody,"New York, New York",58927,42,,3187
Mattia,Schaper,86,https://www.linkedin.com/in/mattiaschaper/,11%,33116,Co-Founder,SDRs of Germany,"London, England",29940,102,,3176
Chris,Cicconi,87,https://www.linkedin.com/in/christophercicconi/,24%,16426,Live Event Host & Content Creator," 983 Media Productions, LLC ","Montreal, Quebec, Canada",13274,199,,3152
Matt,Green,88,https://www.linkedin.com/in/matthewcorneliusgreen/,17%,21627,CRO,Sales Assembly,"Chicago, Illinois",18502,154,,3125
Christina,Brady,89,https://www.linkedin.com/in/christinapbrady/,23%,16571,CEO & Co-Founder,Stealth Startup,Chicago,13502,197,,3069
Blake,Harber,90,https://www.linkedin.com/in/blakejharber,9%,35895,Founder - Full Time Fractional VP of Sales,Blake Harber Consulting,"Salt Lake City, Utah",32873,91,,3022
Amit,Bendov,91,https://www.linkedin.com/in/amitbendov,7%,45315,CEO and Co-Founder,Gong,"San Francisco, California",42318,68,,2997
Matthew,Volm,92,https://www.linkedin.com/in/matthewvolm,14%,23878,CEO,RevOps,"Madison, Wisconsin",20885,141,,2993
Mark,Roberge,93,https://www.linkedin.com/in/markroberge/,6%,50858,Co-Founder,Stage 2 Capital,"Marblehead, Massachusetts",48005,56,,2853
Harry,Sims,94,https://www.linkedin.com/in/harry-sims77777,44%,9167,SDR Leader,Scratchpad,"Nashville, TN",6348,296,,2819
Neil,Weitzman,95,https://www.linkedin.com/in/neilweitzman,28%,12589,Founder,revenue•x,Toronto,9852,245,,2737
Gabrielle,Blackwell,96,https://www.linkedin.com/in/gabrielleblackwell/,10%,29811,Sales Development Manager,Culture Amp,"Huntington Beach, California",27078,111, Top Voice,2733
Ronen,Pessar,97,https://www.linkedin.com/in/rpessar/,11%,26913,"Founder, B2B Sales Development Consultant & Trainer",Ronen Pessar Advisory,"San Diego, California",24321,121,,2592
Meridith,Powell,98,https://www.linkedin.com/in/meridithelliottpowell/,6%,44928,"Business Motivational Speaker, Award-Winning Author, Business Strategist",MotionFirst,"Asheville, North Carolina",42339,70,,2589
Darin,Alpert,99,https://www.linkedin.com/in/darinalpert,8%,32975,Enterprise Account Executive,ZoomInfo ,"Raleigh, North Carolina",30405,103, Top Voice,2570
Tom,Alaimo,100,https://www.linkedin.com/in/tomalaimo/,11%,25669,Founder,TA Sales,"Chicago, Illinois",23133,127,,2536
Sam,Nelson,101,https://www.linkedin.com/in/realsamnelson/,4%,71152,Founder,SDRLeader,"Seattle, WA",68621,35,,2531
Jim,Keenan,102,https://www.linkedin.com/in/jimkeenan/,3%,75132,CEO/President,A Sales Growth Company,"Denver, Colorado",72606,29,,2526
Tom,Slocum,103,https://www.linkedin.com/in/tomslocum,11%,24780,Founder | CEO,SD Lab,"Queen Creek, Arizona",22325,135, Top Voice,2455
Mike,Weinberg,104,https://www.linkedin.com/in/mikeweinberg2013/,5%,47453,Principal,"The New Business Sales Coach, LLC","St Louis, Missouri",45007,61,,2446
Anthony,Iannarino,105,https://www.linkedin.com/in/iannarino/,5%,55002,Keynote Speaker & Workshop Facilitator,Iannarino,"Westerville, Ohio",52561,48,Top Voice,2441
Matt,Heinz,106,https://www.linkedin.com/in/mattheinz,5%,53752,Founder/President,Heinz Marketing,"Redmond, Washington",51341,51,,2411
Carson,Heady,107,https://www.linkedin.com/in/carsonvheady/,6%,39659,"Managing Director, Health Solutions - U.S. Health & Life Sciences",Microsoft,"St Louis, Missouri",37256,80,,2403
Sydney,Senior,108,https://www.linkedin.com/in/sydney-senior/,47%,7264,SMB AE,Deel,"Miami, Florida",4938,334,,2326
Jeremey,Donovan,109,https://www.linkedin.com/in/jeremeydonovan/,5%,47965,"Executive Vice President, Revenue Operations (RevOps) and Strategy",Insight Partners,"New York, New York",45669,60,,2296
Dan,Cmejla,110,https://www.linkedin.com/in/greatmarketing/,27%,10653,VP of Community,Apollo,"Burlington, Vermont",8379,270,,2274
Justin,Michael,111,Linkedin.com/in/michaeljustin ,4%,54110,Co-Founder,HYPCCCYCL ,"Los Angeles, California",51861,49,Top Voice,2249
Nishit,Asnani,112,https://www.linkedin.com/in/nishitasnani/,24%,11454,Co-founder,Sybill,San Francisco,9212,254,,2242
Alex,Boyd,113,https://www.linkedin.com/in/alexcboyd/,12%,20615,Founder,RevenueZen,"Portland, Oregon",18404,160,,2211
Jared,Robin,114,https://www.linkedin.com/in/jaredrobin/,5%,43366,Co-Founder,RevGenius,"New York, New York",41157,75,,2209
Rohan,Suri,115,https://www.linkedin.com/in/surirohan/,39%,7863,Founder,Nooks,Stanford,5654,324,,2209
Cherilynn,Castleman,116,https://www.linkedin.com/in/cherilynn-castleman/,24%,11421,Managing Partner,CGI Executive Coaching,United States,9215,255,,2206
Clint,Hinkle,117,https://www.linkedin.com/in/clinthinkle/,12%,20925,Account Executive,ZoomInfo,,18729,159,Top Voice,2196
Alon,Evan,118,https://www.linkedin.com/in/alon-even/,11%,22381,Marketing Advisor & Fractional CMO, Alon Even | Marketing Advisor & Fractional CMO ,"Kfar Sava, Center District, Israel",20190,150,,2191
Eddy,Bahnam,119,https://www.linkedin.com/in/eddybahnam/,17%,14525,Regional Sales Director,Fransyl,"Ottawa, Ontario, Canada",12424,221,,2101
Adam,Jay,120,https://www.linkedin.com/in/adambjay,17%,14496,CEO,Adam Jay Consulting,Miami,12403,222,,2093
Elizabeth,Andrew,121,https://www.linkedin.com/in/elizabethaandrew/,19%,13131,Founder/President,SalesCompete,San Francisco,11042,236,,2089
Todd,Caponi,122,https://www.linkedin.com/in/toddcaponi,10%,23696,Founder,SalesMelon,"Palatine, IL",21615,142,Top Sales Voice,2081
Morgan,Smith,123,https://www.linkedin.com/in/morganjsmith/,30%,8896,Principal,Tempo,"Denver, CO",6839,304,,2057
Avi,Mesh,124,https://www.linkedin.com/in/avi-mesh-ba667a49/,11%,20409,"Enterprise Account Executive, Growth",MongoDB,"New York, New York",18369,161,,2040
Julia,Ewert,125,https://www.linkedin.com/in/juliaewert-sales-strategist-professional-negotiator/,38%,7318,"Sales Strategist, Professional Negotiator",Julia Ewert Pty Ltd,"Perth,Australia",5292,332,Top Negotian Voice,2026
Donald,Kelly,126,https://www.linkedin.com/in/donaldckelly/,12%,18548,Founder and The Chief Sales Evangelist,The Sales Evangelist,"West Palm Beach, Florida",16526,175,Top Voice,2022
Alex,Newmann,127,https://www.linkedin.com/in/alexnewmann/,15%,15718,Founder & CEO,Newmann Consulting Group,"Chicago,IL",13720,207,,1998
Niraj,Kapur,128,https://www.linkedin.com/in/nkapur/,7%,31774,Managing Director,Everybody Works In Sales,"Belfast, Northern Ireland",29783,106, Top Voice,1991
Ajinkya,Nene,129,https://www.linkedin.com/in/ajinkya-nene-6200b871,21%,11250,Co-Founder,Trellus,"New York, NY",9276,259,,1974
Liz,Simpson,130,https://www.linkedin.com/in/lizjsimpson/,13%,16868,Founder & CEO,Stimulyst,"San Antonio, Texas",14895,191,,1973
Lori,Richardson,131,https://www.linkedin.com/in/scoremoresales/,6%,34909,B2B Sales / Revenue Growth Strategist,Score More Sales,"Phoenix, Arizona",32941,94,,1968
Heidi,Briones,132,LinkedIn.com/in/heidibriones,26%,9288,BDR,Experian Employer Services,"Portland, OR",7376,293,,1912
Maria,Bross,133,https://www.linkedin.com/in/mariabross/,18%,12254,N/A,Sales Assembly,"Charleston, South Carolina",10350,247,Top Voice,1904
Jeffrey,Hoffman,134,https://www.linkedin.com/in/mjhoffman/,14%,15624,Founder and Chief Closer,sellHoffman,"West Tisbury, Massachusetts",13743,208,Top Sales Voice,1881
Steve,Schmidt,135,https://www.linkedin.com/in/stevenwschmidt,6%,32939,Chief Executive Officer,MAGNETIC ,"Sioux Falls, South Dakota",31076,104,,1863
Jordan,Henderson,136,https://www.linkedin.com/in/jordanmichaelhenderson/,12%,17918,Director of Revenue Operations,The Riverside Company,"Dallas, Texas",16062,184,,1856
David,Zeff,137,https://www.linkedin.com/in/davidzeff/,11%,18135,CEO,Whistle,"Tel Aviv-Yafo, Tel Aviv District, Israel",16337,179,,1798
Brandon,Bornancin,138,https://www.linkedin.com/in/brandonbornancin/,2%,75694,CEO,Seamless.ai,New York,73921,28,Top Sales Development Voice,1773
Colin,Specter,139,https://www.linkedin.com/in/colinspecter/,19%,11175,VP Sales,Orum,"Huntington, New York",9410,264,,1765
Joey,Alvandi,140,https://www.linkedin.com/in/joey-alvandi/,17%,11965,Account Executive,Tourial,"Los Angeles, California",10216,249,,1749
Hilary,Headlee,141,https://www.linkedin.com/in/hilaryheadlee/,7%,25338,Board Member,"Beth Graczyk Productions, Inc.","San Jose, California",23604,132, Top Voice,1734
Gaetano Nino,DiNardi,142,https://www.linkedin.com/in/officialg,4%,45443,Growth Advisor,DataGrail,"Miami, Florida",43800,66,,1643
Tiffani,Bova,143,https://www.linkedin.com/in/tiffanibova/,4%,46564,Podcast Host ,What's Next,"Los Angeles, California",44954,63,,1610
Aaron,Ross,144,https://www.linkedin.com/in/aaronross/,3%,55446,Sales Growth Coach to Leaders,Aaron-Ross.co,"Edinburgh, Scotland",53845,45,,1601
Mark,Ackers,145,www.linkedin.com/in/markackers/,9%,19237,Co-Founder & Head of Sales,MySalesCoach,"Tyneside Area, England",17640,169,,1597
Mark,Ackers,146,https://www.linkedin.com/in/markackers/,9%,19237,Co-Founder & Head of Sales,www.mysalescoach.com,"Tyneside Area, England",17640,170,,1597
Hector,Forwood,147,https://www.linkedin.com/in/hectorforwood/,12%,14957,Founder & CEO,Flooencer,"Wandsworth, England",13366,217,,1591
Cory,Bray,148,https://www.linkedin.com/in/buy-triangleselling/,9%,20027,Co-Founder,CoachCRM,United States,18439,166,,1588
Collin,Cadmus,149,https://www.linkedin.com/in/collincadmus/,2%,77997,Consultant / Advisor / Coach,"Collin Cadmus, LLC","New York, New York",76417,23,,1580
Collin,Mitchell,150,https://www.linkedin.com/in/collincmitchell/,6%,27418,Managing Partner,Leadium,"Los Angeles, California",25842,119,Top Voice,1576
Patrick,Dang,151,https://www.linkedin.com/in/patrickdangofficial/,6%,25880,Founder,The Parallax,United States,24323,126,,1557
Rebecca,Jenkins,152,https://www.linkedin.com/in/rebeccajenkins-rjen/,13%,13651,Founder | Director,RJEN,"Greater Bristol Area, United Kingdom",12096,229,,1555
Mary,Shea,153,https://www.linkedin.com/in/maryshea/,17%,10735,Co-Chief Executive Officer,Mediafly,"Portland, Maine",9198,269,,1537
Jen,Spencer,154,https://www.linkedin.com/in/jenspencer/,10%,17180,Chief Executive Officer,SmartBug Media,"Phoenix, AZ",15648,189,,1532
Ashley,Zagst,155,https://www.linkedin.com/in/ashleyzagst/,7%,22104,Account Executive,Apollo.io ,"Portland, Oregon",20576,152,,1528
Alex,Richards,156,https://www.linkedin.com/in/asjruk,25%,7630,Member,Partnership Leaders,New York,6115,329,,1515
Ravi,Rajani,157,https://www.linkedin.com/in/ravirajani/,9%,18075,Founder,Ravi Rajani Consulting,United Kingdom,16587,180,,1488
Steve,Richard,158,https://www.linkedin.com/in/saleskickoffspeaker,5%,31584,SVP Sales Excellence,MediaFly,"Arlington, Virginia",30107,107,,1477
Craig,Bonnoit,159,https://www.linkedin.com/in/craig-bonnoit/,17%,9822,Founder,Trellus,"New York, New York",8383,280,,1439
Justin,Camp,160,https://www.linkedin.com/in/campjustin/,13%,12660,National Account Executive,XINNIX,"Jonesboro, Arkansas",11223,242,,1437
Chantel,George,161,https://www.linkedin.com/in/chantelgeorge/,17%,9646,Founder & CEO,Sistas In Sales,"New York City, New York",8254,285,,1392
Jess,V,162,linkedIn.com/in/jess-v/,12%,12764,Marketing Alliance Manager,Global Technology Solutions Inc,"Orlando, FL",11377,239,,1387
Alexa,Pedowitz,163,https://www.linkedin.com/in/alexarose,33%,5628,Senior Account Executive,CINC Systems,Seattle,4241,359,,1387
Richard,Harris,164,https://www.linkedin.com/in/rharris415/,3%,56361,Founder,The Harris Consulting Group,"San Francisco, California",54986,44,Top Negotiation Voice,1375
James,Ski,165,https://www.linkedin.com/in/jamesski/,4%,35430,CEO and Founder,Sales Confidence,United Kingdom,34065,92,,1365
Neill,Murphy,166,https://www.linkedin.com/in/neilldmurphy,27%,6352,Enterprise Account Executive,Oktopost,London,4987,349,,1365
James,Buckley,167,https://www.linkedin.com/in/jamessaywhatsalesbuckley/,5%,31357,Host & Sales Content Creator,Sell Better by JB Sales,"Maryville, Tennessee",30005,109,,1352
Lee,Salz,168,https://www.linkedin.com/in/leesalz/,6%,23037,Sales Management Strategist | Keynote Speaker | Consultant,Sales Architects,"Minneapolis-St, Minnesota ",21697,145,,1340
Katie,Mullen,169,https://www.linkedin.com/in/katiefmullen/,5%,28841,CEO,MMS Consulting LLC,"Kansas City, Missouri",27542,115,,1299
Shelton,Banks,170,https://www.linkedin.com/in/sheltonbanks/,5%,26699,Chief Executive Officer,re:work training,"Chicago, Illinois",25403,124,,1296
Cynthia,Barnes,171,https://www.linkedin.com/in/cynthiabarnes/,4%,34798,Chief Empowerment Officer,"Cynthia Barnes, Keynote Speaker","Raleigh-Durham, NC",33511,95,Top Voice,1287
John,Karsant,172,https://www.linkedin.com/in/johnkarsant/,13%,11180,Founder and CEO,LevelUp Leads,"San Francisco, California",9897,263,,1283
Timothy,Hughes,173,https://www.linkedin.com/in/timothyhughessocialselling/,4%,33659,CEO and Co Founder,DLA ignite,"London, England, United Kingdom",32385,101,,1274
Brent,Haldiman,174,https://www.linkedin.com/in/brenthaldiman/,19%,7955,Founder,GTM Dart,"Denver, Colorado",6693,320,,1262
Brian,Lewis,175,https://www.linkedin.com/in/brianlewisphd,17%,8693,CRO & Co-Founder,Homerun Presales,"San Francisco, California",7451,309,,1242
Marco,Maria,176,https://www.linkedin.com/in/marcosantamaria/,18%,7912,Sales & Consulting,Marco Santa Maria | Sales & Consulting,"New York, New York",6689,322,,1223
Antoine,Marsden,177,www.linkedin.com/in/antoinemarsden/,12%,11017,Founder,OutboundWorx,"London, England",9803,267,,1214
Mason,Cosby,178,https://www.linkedin.com/in/masoncosby,7%,17926,Founder,Scrappy ABM,"Whitestown, IN",16712,182,,1214
Dini,Mehta,179,https://www.linkedin.com/in/dinimehta/,9%,15292,LP & Operating Partner,Operator Collective,"San Francisco, California",14087,210,,1205
Brynne,Tillman,180,https://www.linkedin.com/in/brynnetillman/,2%,66010,CEO,Social Sales Link,"Neew York, New York",64806,38,Top Content Strategy Voice,1204
David,Dulany,181,https://www.linkedin.com/in/davidkdulany/,7%,19003,Founder & CEO,Tenbound,"San Francisco, California",17800,172,,1203
Dan,Swift,182,https://www.linkedin.com/in/danjswift/,7%,17386,Chief Executive Officer,Empire Selling,"New York, New York",16191,187,,1195
Ed,Armishaw,183,https://www.linkedin.com/in/edarmishaw,9%,15201,Sales Director - Consumer Services,ServiceNow,"St Albans, England",14008,213,Top Sales Voice,1193
Chris,Russell,184,www.linkedin.com/in/crussell83 ,25%,5957,SDR,Allego,"Brighton, England ",4772,355,,1185
Scott,Barker,185,https://www.linkedin.com/in/ssbarker/,3%,43447,Partner & Co-founder,GTMfund,"Vancouver, British Columbia, Canada",42263,74,,1184
Gal,Aga,186,https://www.linkedin.com/in/galaga/,9%,13621,CEO,Aligned,Tel Aviv,12443,230,,1178
Celeste,Berke,187,https://www.linkedin.com/in/celesteberke/,15%,8815,Sales Trainer,Celeste Berke Knisely ,Denver,7646,307,,1169
Larry,"Long, Jr",188,https://www.linkedin.com/in/longjr7/,3%,38825,CEO (Chief Energy Officer) & Keynote Speaker/Emcee,LLJR Enterprises,United States,37659,82,,1166
Nicholas,Loise,189,https://www.linkedin.com/in/nicholasloise/,14%,9199,Founder and Your Chief Sales Officer,Sales Performance Team,"Park Ridge, Illinois",8041,294,,1158
Christine,Rogers,190,https://www.linkedin.com/in/christinerogers2/,7%,18463,COO/President,Aspireship,"Scottsdale, Arizona",17308,176,,1155
Chaniqua,Ivey,191,https://www.linkedin.com/in/nikki-ivey/,5%,26340,Sr. Strategic Account Broker,OppGen,"Fleming Island, Florida",25186,125,Top Voice,1154
Paul,Salamanca,192,https://www.linkedin.com/in/toponepercenter/,4%,30623,Co-Founder & CEO,Top One Percenter Academy,"New York, New York",29485,110,,1138
Jamie,Shanks,193,https://www.linkedin.com/in/jamestshanks/,5%,22870,CEO,Pipeline Signals,"Toronto, Ontario, Canada",21738,147,,1132
Shawn,Kipnis,194,https://www.linkedin.com/in/shawnkipnis/,16%,8326,Enterprise Account Development Executive,OpenText,"San Francisco, California",7202,315,Top Sales Prospecting Voice,1124
Carole,Mahoney,195,https://www.linkedin.com/in/carolemahoney/,16%,8191,Author,Buyer First: Grow Your Business with Collaborative Selling · Contract,United States,7072,316, Top Sales Coaching Voice ,1119
Max,Altschuler,196,https://www.linkedin.com/in/maxaltschuler/,2%,63082,Founder & General Partner,GTMfundGTMfund,"Scottsdale, Arizona",61971,40,,1111
Alice,Heiman,197,https://www.linkedin.com/in/aliceheiman/,4%,28202,Podcast Host,Sales Strategies for CEOs with Alice Heiman,"Reno, Nevada",27097,116,,1105
Sydney,Sloan,198,https://www.linkedin.com/in/sydsloan/,7%,15882,Chief Market Officer,Drata,"San Francisco, California",14784,206,,1098
Peter,Kazanjy,199,https://www.linkedin.com/in/kazanjy/,5%,25275,Founder,Modern Sales Pros,"San Francisco, California",24183,133,,1092
Nick,Phillips,200,https://www.linkedin.com/in/superdadnick/,14%,9124,Sr SDR,People Data Labs,"Sandpoint, Idaho",8036,300,,1088
Luiz,Cent,201,https://www.linkedin.com/in/luizcentenaro,12%,9735,GTM,LuizCent,"St Petersburg, Florida",8669,282,,1066
Randy,Seidl,202,https://www.linkedin.com/in/randyseidl/,4%,28029,Founder,Sales Community,"Naples, Florida",26987,117,,1042
Janet,Efere,203,https://www.linkedin.com/in/janeteferetadpole/,11%,10546,Sales Trainer and Coach,Tadpole Training,"Cheshunt, England",9510,271, Top Sales Voice,1036
Janet,Efere,204,https://www.linkedin.com/in/janeteferetadpole/,11%,10546,Sales Trainer and Coach,Tadpole Training,"Cheshunt, England",9510,272,Top Sales Voice,1036
Steli,Efti,205,https://www.linkedin.com/in/steliefti/,5%,23660,CEO,Close,"New York, New York",22630,143,,1030
Nick,Capozzi,206,https://www.linkedin.com/in/nick-capozzi/,10%,11075,Co-Founder,SpliceVideo,"Phoenix, Arizona",10046,265,Top Video Production Voice,1029
Ashleigh,Early,207,https://www.linkedin.com/in/ashleighearly/,8%,13313,Co-Founder & Co-Host,Across the Pond & Over the Rainbow,"The Randstad, Netherlands",12312,235,Top Voice,1001
Shawn,Sease,208,https://www.linkedin.com/in/shawnsease,6%,16410,Founder,INeverAnswer.com,"Mesa, Arizona",15415,200, Top Cold Calling Voice,995
Dale,Zwizinski,209,https://www.linkedin.com/in/dalezwizinski/,8%,12632,Founder,The Sales Change Agent,"Bradenton, Florida",11658,243,,974
Anita,Nielsen,210,https://www.linkedin.com/in/anitanielsen/,12%,8572,President - Owner,LDK Advisory Services,"Chicago, IL",7628,310,,944
Guy,Rubin,211,https://www.linkedin.com/in/rubinguy/,11%,9750,Founder & CEO,ebsta,"London, England",8807,281,,943
Michael,Hanson,212,https://www.linkedin.com/in/michael-hanson-/,3%,31363,Founder & CEO,Growth Genie,"London, England",30445,108,,918
Bill,Stinnett,213,https://www.linkedin.com/in/billstinnett/,4%,21590,Founder and President,"Sales Excellence, Inc.","Bradenton, Florida",20675,155,,915
Tim,Savage,214,https://www.linkedin.com/in/timothywsavage/,4%,22580,VP Sales,Conceal,"Lexington, Kentucky",21695,148,,885
Gopalakrishna,Kris,215,https://www.linkedin.com/in/sgcrishna/,8%,11820,GTM & Sales Growth Leader,WINsightsWINsights,"Sydney, New South Wales, Australia",10935,252,,885
Lindsey,Boggs,216,https://www.linkedin.com/in/lindseyboggs/,2%,43645,VP Sales Development & Enablement,Glassbox,"Raleigh-Durham, North Carolina",42782,72,Top Sales Development Voice,863
Jeff,Kirchick,217,https://www.linkedin.com/in/jeffkirchick/,8%,11879,"Limited Partner, Stage 2 Capital Catalyst",Stage 2 Capital,"Boston, MA",11016,251,,863
Brent,Adamson,218,https://www.linkedin.com/in/brentadamson/,6%,15235,"Advisor, Researcher, Speaker, Consultant", Self Employed ,"Leesburg, Virginia",14376,212,,859
Ding,Zheng,219,https://www.linkedin.com/in/dingzheng25/,8%,11227,The Sales Rapper,The Sales Rapper,"Austin, Texas",10369,260,,858
Virginia,Coates,220,https://www.linkedin.com/in/virginiacoatesbusinessdevelopment/,4%,21176,Account Executive,Employment Hero,"Wilmslow, England",20321,157,,855
Taylor,Del Giudice,221,https://www.linkedin.com/in/taylordelgiudice/,7%,13501,Co-Founder,Quack,Calgary,12654,233,,847
Luigi,Prestinenzi,222,https://www.linkedin.com/in/luigiprestinenzi/,5%,17919,Co-Founder,Growth Forum,"Melbourne, Victoria, Australia",17081,183,,838
Gerald,Zankl,223,https://www.linkedin.com/in/geraldzankl/,8%,11197,CEO & Co-Founder (Former Global Director of Inside Sales),Kickscale,"Vienna, Vienna, Austria",10363,262,Top Sales Voice,834
Steffaney,Zohrabyan,224,https://www.linkedin.com/in/steffaneyzohrabyan/,4%,22505,Sales Enablement Insights & Innovation,Cisco,"Lehi, Utah",21680,149,,825
Dan,Jourdan,225,https://www.linkedin.com/in/thedeejsaassales/,5%,16229,Salesman,The Sales Energizer ,"Atlanta, GA",15420,203,,809
Rosie,Purr,226,https://www.linkedin.com/in/rosiepurr/,6%,13585,Account Executive,GiddyUp,"Madrid, Community of Madrid, Spain",12780,231,,805
Clive,Miller,227,https://www.linkedin.com/in/clivemiller/,6%,13829,Founder and Managing Partner,SalesSense,"Greater Exeter Area, United Kingdom",13034,226,,795
Jack,Smith,228,https://www.linkedin.com/in/jackathirewell/,7%,11395,"Director, Sales Recruiting Practice",Hirewell,"Chicago, ILlinois",10609,256,,786
Kristie,Jones,229,https://www.linkedin.com/in/kristiekjones/,22%,4415,Founder and Principal,Sales Acceleration Group,"St. Louis, Missouri",3630,375,Top Sales Prospecting Voice,785
Tom,Blue,230,https://www.linkedin.com/in/tombluelead411/,3%,24414,CEO and Chief Sales Officer,Lead411,"Boulder, Colorado",23629,137,Top Sales Prospecting Voice,785
Katherine,Caldwell,231,https://www.linkedin.com/in/katherine-caldwell/,5%,15123,GTM Strategy Lead,Magma Capital Funds,Greater Seattle Area,14348,215,,775
Wesleyne,,232,https://www.linkedin.com/in/wesleyne,8%,10146,Founder & Chief Transformation Officer,TransformedSales,"Houston, TX",9380,278,Top Sales Voice,766
Julia,Nimchinski,233,https://www.linkedin.com/in/julia-nimchinski/,5%,16434,Partner,Nimchinski/Michael,"Tel Aviv District, Israel",15671,198,,763
Jeff,Bajorek,234,https://www.linkedin.com/in/jeffbajorek/,8%,10481,"Sales Trainer, Advisor and Coach for B2B Sales Leaders","Parabola Consulting, LLC","Novi, Michigan",9724,274,,757
Jill,Bruno,235,https://www.linkedin.com/in/jill-bruno-47b81855,12%,7223,"Leader, Sales Development",Rocketreach ,"Middletown, New Jersey",6468,335,,755
Ryan,Scalera,236,https://www.linkedin.com/in/ryanscalera/,5%,16104,Founder,Arkenstone GTM,"Summit, New Jersey",15349,204,,755
Fred,Diamond,237,https://www.linkedin.com/in/freddiamond/,5%,16720,President and Co-Founder,Institute for Excellence in Sales,,15974,195,,746
Boris,Murdzev,238,https://www.linkedin.com/in/cold-outreach-pro,12%,6741,Sales,Mailshake ,United States,5996,343,,745
Elie,Daverio,239,https://www.linkedin.com/in/elie-daverio/,5%,15178,SDR Manage,SWEEP,"London, United Kingdom",14446,214,,732
Josh,Roth,240,https://www.linkedin.com/in/josh-g-roth,3%,24325,"VP, Sales",Lob,"San Francisco, California",23595,138,Top Voice,730
Michael,Piotraschke,241,https://www.linkedin.com/in/michael-piotraschke-new-business-specialist-and-raising-cybersecurity-awareness/,24%,3811,Director Sales,SoSafe,"Cologne, North Rhine-Westphalia, Germany",3083,387,,728
David,Lindner,242,linkedin.com/in/davidklindner,26%,3501,Enterprise Client Executive,DoiT International,"San Antonio, Texas",2776,392,,725
Kyle,Williams,243,https://www.linkedin.com/in/kylewill/,25%,3594,Founder,Brickstack,Florida,2877,390,Top Go-to-Market Strategy Voice,717
Erik,McKee,244,https://www.linkedin.com/in/erik-mckee-3a51b9185/,3%,25052,Co-Owner ,12th State Design Co. ,"Durham, North Carolina",24337,134,,715
Mario,Martinez,245,https://www.linkedin.com/in/mthreejr,2%,34327,CEO and Founder,Vengreso | Type Less. Do More. ,"San Francisco, California,",33616,98,,711
Dr. Jim,Kanichirayil,246,linkedin.com/in/drjimk,9%,8423,"VP of Growth, Product Evangelist",EngageRocket,"Milwaukee, Wisconsin",7731,314,,692
Aaron,Barreiro,247,https://www.linkedin.com/in/aaronbuildscommunity,9%,8555,Revenue & GTM,Poseidon,"Brownsville, TX",7872,311,,683
Kevin,Hopp,248,https://www.linkedin.com/in/khopp/,4%,16006,Founder,Hopp Consulting,"San Diego, California",15342,205,,664
Hilmon,Sorey,249,https://www.linkedin.com/in/hilmonsorey,3%,25603,Co-Founder,"CoachCRM, ClozeLoop","Miami, Florida",24942,130,,661
Greg,Baumann,250,https://www.linkedin.com/in/glbaumann/,20%,3948,Strategic Account Executive,Outreach ,"New York, New York",3288,385,,660
Chris,Hatfield,251,https://www.linkedin.com/in/chrishatfieldsalespsyche/,6%,12197,Founder & Coach,Sales Psyche,"London, England",11537,248,,660
Raffael,Fernandes,252,https://www.linkedin.com/in/raffaelfernandes/,7%,10269,Co-Founder & Director,Flow State,"London, United Kingdom",9610,277,,659
Mike,Simmons,253,https://www.linkedin.com/in/mikesimmons/,15%,5084,Fractional (CRO) Sales & Success Leader | Business Advisor | Coach | Enabler,Catalyst Sale,"Phoenix, AZ",4431,364,,653
Aaron,Evans,254,https://www.linkedin.com/in/aaronevanssalesenablement/,3%,21906,Co-Founder & Head of Training and Enablement,Flow State,"London, England",21267,153,,639
Allan,Langer,255,https://www.linkedin.com/in/allanlanger/,5%,13725,International Sales Trainer & Coach / Keynote Speaker / Best Selling Author,The 7 Secrets Sales Academy,"East Greenwich, Rhode Island",13094,227,,631
Matt,Sterbenz,256,https://www.linkedin.com/in/matt-sterbenz-854023183/,18%,4036,Account Executive,ServiceBell,"Tampa, Florida",3414,382,,622
Marc,Mac,257,https://www.linkedin.com/in/marcmachlovitz,7%,10070,Co-Founder / Business Development,Caret,"New York City, New York",9455,279,,615
Elyse,Archer,258,https://www.linkedin.com/in/elysearcher/,5%,13352,Founder and CEO,She Sells with Elyse Archer,"Cary, North Carolina",12738,234,,614
Karen,Kelly,259,www.linkedin.com/in/karen-kelly-sales-trainer-,15%,4494,"CEO, Founder",K2 Performance Consulting ,"Toronto, Ontario, Canada",3892,374,,602
Alison,Edgar,260,https://www.linkedin.com/in/alison-edgar/,2%,26910,Contributing Writer,CE Marketing Group Ltd,"London, England",26321,122,,589
Bryan,Elsesser,261,https://www.linkedin.com/in/bryanelsesser/,2%,26899,Consultant - Growth,Pavilion,"New York, New York",26316,123,,583
Paul,Castain,262,https://www.linkedin.com/in/paulcastain/,5%,11215,Chief Sales Officer,Castain Training Systems,"New York City, New York",10633,261,,582
Andrew,Monaghan,263,https://www.linkedin.com/in/andrewmonaghan/,9%,6855,Founder & CEO,Unstoppable.do and also Sales Bluebird,"Denver, CO",6287,341,,568
Michelle,Hecht,264,https://www.linkedin.com/in/michellehecht/,8%,7612,Global Sales Enablement Manager,HiBob,"New York, New York",7049,330,,563
Catherine,Brown,265,https://www.linkedin.com/in/catherineleebrown/,9%,6527,Founder and Trainer in the How Good Humans Sell Community,EXTRABOLD Sales,"Houston, Texas",5968,348,,559
Rakhi,Voria,266,https://www.linkedin.com/in/rakhivoria/,4%,15367,Vice President of Sales,Procore Technologies,"New York, New York",14809,209,,558
Bryan,Neale,267,https://www.linkedin.com/in/bryanneale/,3%,20339,Founder and Culture Geek,Blind Zebra,"Indianapolis, Indiana",19783,162,,556
Colleen,Francis,268,https://www.linkedin.com/in/colleenfrancis/,1%,45207,Owner,Engage Selling Solutions,Greater Ottawa,44657,69,,550
Phil,Sayers,269,https://www.linkedin.com/in/sayersphil/,6%,9163,Founder,Proten Sales Development Ltd,"Farnham, England",8633,297,,530
Susie,Mathieson,270,https://www.linkedin.com/in/susiemathieson/,9%,6565,Sales Trainer,the small stuff,"Cologne, North Rhine-Westphalia, Germany",6050,346,,515
Shani,Shoham,271,https://www.linkedin.com/in/shanishoham,14%,4075,CRO,Kubiya.ai,"Palo Alto, California",3561,380,,514
Nicholas,Thickett,272,https://www.linkedin.com/in/nicholasthickett/,6%,9698,Team of Ten,One Up Club,Calgary,9187,284,,511
Charlie,Cowan,273,https://www.linkedin.com/in/charliecowan/,13%,4376,Revenue Acceleration Expert,RevOpsCharlie,"Blagdon, England",3865,377,,511
Walker,McKay,274,https://www.linkedin.com/in/walkermckay/,8%,7272,Founder,No BS Sales School Podcast,"Columbia, South Carolina",6761,333,,511
Will,Koning,275,https://www.linkedin.com/in/saasleads/,4%,14286,Co-founder,Meritt,"New York, New York",13777,224,,509
Lukas,Kemkes,276,https://www.linkedin.com/in/lukaskemkes/,6%,9417,Generative AI & MLOps Consultant,Freelance,"Berlin, Germany ",8908,288,,509
DeJuan,Brown,277,https://www.linkedin.com/in/dejuanbrown/,6%,8472,"Director, Modern Work Specialist -Global Financial Services ",Microsoft,"Richmond, Virginia",7968,313,,504
Catie,Ivey,278,https://www.linkedin.com/in/catieivey/,4%,12722,Chief Revenue Officer (CRO),Walnut,"Atlanta, Georgia",12223,240,,499
Graham,Hawkins,279,https://www.linkedin.com/in/futureofsales/,1%,40130,Founder & CEO,SalesTribe,"Melbourne, Victoria, Australia",39638,79,Top Voice,492
Will,Frattini,280,https://www.linkedin.com/in/willfrattini/,5%,9726,"Principal, Head of Strategic Account Growth",ZoomInfo,"Boston, MA",9237,283,,489
David,May,281,https://www.linkedin.com/in/david-may310/,7%,7080,VP Sales/Success,TruckersReport.com ,"Austin, Texas",6602,338,,478
Malvina,EL-Sayegh,282,https://www.linkedin.com/in/malvina-el-sayegh/,11%,4641,Advisor,RevBrains,"London, England",4171,371,,470
Kelly,Wright,283,https://www.linkedin.com/in/kellybreslinwright/,3%,17257,Chief Executive Officer and Founder,Culture Driven Sales,,16794,188,,463
Lars,Nilsson,284,https://www.linkedin.com/in/lanilsson,5%,10478,VP of Sales Development,Snowflake,"San Francisco, California",10024,275,,454
Lucia,Piseddu,285,https://www.linkedin.com/in/iamluciapiseddu/,3%,16667,Founder ,The BD School,,16216,196,,451
Derek,Jankowski,286,https://www.linkedin.com/in/derekjankowski/,4%,12938,Head of SMB Sales,Arketa,"Los Angeles, California",12491,238,,447
Suzi,Trajanovski,287,https://www.linkedin.com/in/suzi-trajanovski/,4%,11910,National Director Growth,LMG,"Melbourne, Victoria, Australia",11468,250,,442
Anthony,Balestras,288,https://www.linkedin.com/in/anthony-balestras-973081135/,7%,6942,Team Lead - Sales Development,Orum,"Tampa, Florida",6505,339,,437
Lee,Wagner,289,https://www.linkedin.com/in/wagnerlee,4%,12594,Founder,Impact Technology Solutions,"Radlett, England",12157,244,,437
Alex,Nelson,290,https://www.linkedin.com/in/mynameisalex/,3%,14423,Account Executive,Gainfront (formerly iQuantum),"New York, New York",14007,223,,416
Ali,Powell,291,https://www.linkedin.com/in/alipowell/,3%,12691,Senior Account Executive,Vanta,"Charleston, South Carolina",12284,241,,407
Kristina,Finseth,292,https://www.linkedin.com/in/kristinafinseth/,2%,27096,"Senior Manager II, Growth Marketing",Greenhouse,"Philadelphia, PA",26689,120,,407
James,Bawden,293,https://www.linkedin.com/in/james-bawden/,2%,16769,Outbound Sales Development Program Manager,Leadium,"Raleigh, North Carolina",16371,193,,398
Dwight,Lawson,294,https://www.linkedin.com/in/dwight-lawson/,5%,8985,Sales Leader,Lantern,"Austin, Texas",8593,302,,392
Sean,Burke,295,https://www.linkedin.com/in/seanhburke/,4%,9532,Content Creator,Sean Burke,"Tampa, Florida",9146,286,,386
Daniel,Seligman,296,https://www.linkedin.com/in/danseligmanletsconnect/,2%,18607,VP of Sales,Leap Tools,"Toronto, Ontario, Canada",18222,174,,385
Scott,Ingram,297,https://www.linkedin.com/in/scottingram/,2%,21536,Founder,Sales Success Media,"Austin, Texas",21159,156,,377
Henry,Glickel,298,www.linkedin.com/in/henryglickel,1%,29422,Senior Recruiting Manager,"Sales Recruiters,Inc.","Salem, New Hampshire",29046,112,,376
Tommy,McNulty,299,https://www.linkedin.com/in/tommcnulty1/,6%,6140,Chief Revenue Officer,Rho,"New York, New York,",5768,353,,372
Christine,Jones,300,https://www.linkedin.com/in/christinejonesccj,4%,8887,Partner Specialist,Insight Enterprises,"Chandler, Arizona",8521,305,,366
Christine,Jones,301,https://www.linkedin.com/in/christinejonesccj,4%,8887,Partner Specialist,Insight Enterprises,"Chandler, Arizona",8521,306,,366
Ben,Haber,302,https://www.linkedin.com/in/ben-haber,4%,9482,Sales Manager,Workspan,"Scottsdale, Arizona",9116,287,,366
Galem,Girmay,303,https://www.linkedin.com/in/galemgirmay/,3%,13119,"Revenue Enablement Manager, EMEA",UserTesting,"London, England",12756,237,,363
Matt,Slonaker,304,https://www.linkedin.com/in/mattallenslonaker/,4%,9342,Founder and CEO ,M. Allen LLC,"Broomfield, Colorado",8982,292,,360
George,Brontén,305,https://www.linkedin.com/in/georgebronten/,2%,18329,Sales Effectiveness Pioneer,Membrain.com,"Haga, Stockholm County, Sweden",17971,178,,358
Amy,Franko,306,https://www.linkedin.com/in/amyfranko/,5%,8021,"Sales & Growth Strategist | Creator, Strategic Selling Academy",Amy Franko Associates,"Columbus, Ohio",7668,318,,353
Jarreau,Gilbert,307,https://www.linkedin.com/in/jarreaugilbert/,13%,2863,Branch Manager,Coastal Business Systems,"Chico, California",2523,396,,340
Eran,Rosenblum,308,Linkedin.com/in/eranr,7%,5324,Founder | Partnerships Acceleration & Strategy,Partner-Now,Israel,4990,362,,334
Phil,Gerbyshak,309,https://www.linkedin.com/in/philgerb/,2%,14749,Group Facilitator,SmartPeople Inc,"Orlando, FL",14426,219,,323
Adam,Smith,310,https://www.linkedin.com/in/admsmth/,10%,3572,CEO & Co-Founder,Workbounce,"London, England",3249,391,,323
Kelly,Riggs,311,https://www.linkedin.com/in/kriggs/,7%,4955,"Founder & President, Chief Sales Officer",The Business Locker Room,"Tulsa, Oklahoma",4635,368,,320
Karl,Becker,312,https://www.linkedin.com/in/karlbeckeriii/,12%,2922,"Sales Performance Consultant, Coach, Author, and Speaker",Improving Sales Performance,"Louisville, Colorado",2606,395,,316
David,McClean,313,https://www.linkedin.com/in/david-mcclean/,2%,20160,Founder & CEO,SDR Systems Group,"Miami, Florida",19844,164,,316
Ian,Moyse,314,https://www.linkedin.com/in/ianmoyse/,1%,37230,Consulting Head of Sales,ChAI,"Wokingham, England",36919,87,,311
Michael,Muhlfelder,315,https://www.linkedin.com/in/michael-muhlfelder-064280/,6%,5215,Fractional VP of Sales / CRO,Calm Ocean Sales,"Boston, MA",4913,363,,302
Christine,Miller,316,https://www.linkedin.com/in/christinemiller1sales/,7%,4551,"Sales Consultant, Sales Trainer, Sales Coach, Owner",Miller Sales Consulting,"Burlington, Vermont",4251,372,Top Account Management Voice,300
Matt,McDarby,317,https://www.linkedin.com/in/mattmcdarby/,7%,4300,President,"United Sales Resources, LLC","Gaithersburg, Maryland",4006,378,,294
Grant,Buckland,318,https://www.linkedin.com/in/grant-buckland-8b0227141/,10%,3104,"Sr Manager, Sales Development",NuORDER by Lightspeed,"New York City, New York",2810,393,,294
Adrian,Barnwell,319,https://www.linkedin.com/in/adriandavidbarnwell/,6%,4790,Sales Excellence Pursuits Coach,Deloitte,"Alton, England, United Kingdom",4498,370,Top Sales Coaching Voice,292
Bernadette,McClelland,320,https://www.linkedin.com/in/bernadettemcclelland/,3%,11665,High Content Speaker on Embracing Uncertainty and Driving Growth,Bernadette McClelland ,"Littleton, Colorado",11376,253,Top Voice,289
Amy,Slater,321,https://www.linkedin.com/in/amyslater/,3%,11359,"Vice President, GSI, Global Sales",Genesys,"San Francisco, California",11072,258,,287
Chloe,Stewart,322,https://www.linkedin.com/in/chloestewart/,7%,4413,Chief Revenue Officer,Pilot.com,"San Francisco, California",4137,376,,276
Jack,Kosakowski,323,https://www.linkedin.com/in/jackkosakowski1/,1%,23029,Chief Executive Officer (US Division),Creation Agency,"Scottsdale, Arizona",22760,146,,269
Daniel,Spencer,324,https://www.linkedin.com/in/daniel-spencer-30b13919/,2%,17932,Managing Director,Activate Growth,"Sydney, Australia",17664,181,,268
Jeff,Macomber,325,https://www.linkedin.com/in/jeffmacomber/,8%,3677,Managing Director/Co-Founder,Revenue Anchor,"Atlanta, GA",3409,388,,268
Kane,Draper,326,https://www.linkedin.com/in/kanedraper/,3%,9095,Senior Client Partner,Health Generation,"Sydney, New South Wales, Australia",8841,301,,254
Brooke,Holt,327,https://www.linkedin.com/in/brookeholt/,5%,4963,Sales Manager,Sales Gravy,"Thomson, Georgia",4712,367,,251
Annie,Mewborn,328,https://www.linkedin.com/in/annie-mewborn-8bb07899/,2%,13553,Mid-Market Sales Manager,Attentive,"Austin, Texas",13304,232,,249
Bill,Caskey,329,https://www.linkedin.com/in/billcaskey/,3%,7401,President,Caskey Achievement Strategies,"Indianapolis, Indiana",7154,331,,247
Steve,Hall,330,https://www.linkedin.com/in/stevehallsydney/,2%,14134,"Managing Director, Executive Sales Coach",Executive Sales Coaching Australia,"Sydney, New South Wales, Australia",13889,225,,245
Ben,Sardella,331,https://www.linkedin.com/in/bensardella/,1%,19923,"Global Director, Digital Media & GenAI",Adobe,"Los Gatos, California",19683,167,,240
Callum,Henderson,332,https://www.linkedin.com/in/callum-henderson-a961075a/,3%,9126,Chief Revenue Officer,EngageTech,"London, United Kingdom",8892,298,,234
Courtney,Vigiil,333,https://www.linkedin.com/in/courtneyvigil/,3%,8959,Sr Director Global Sales Enablement,Ceridian,"Raleigh-Durham-Chapel, NC",8731,303,,228
Mike,Wilkinson,334,https://www.linkedin.com/in/mikewilkinson-thevalueexpert/,5%,4531,Sales and Value Selling Specialist | Value Pricing | Business Consulting,Axia Value Solutions,"Halesworth, England",4304,373,,227
Shawanda,Roberts,335,https://www.linkedin.com/in/shawandaroberts/,8%,3052,Global Vice President of Sales & Marketing Activation,Frost & Sullivan,"San Antonio, Texas",2825,394,,227
Una,Doyle,336,https://www.linkedin.com/in/unadoyle/,1%,18773,Business Strategist | Business Coach for Creative Business Owners,CreativeFlow.tv,"Burnley, England",18547,173,,226
Alex,Goldfayn,337,https://www.linkedin.com/in/alexgoldfayn/,1%,17753,CEO,The Revenue Growth Consultancy,"Lake Forest, Illinois",17535,186,,218
JACK,WILSON,338,https://www.linkedin.com/in/jackdwilson/,4%,6231,Advisor,FinFit,"Boston, MA",6014,351,,217
Chandler,Boy,339,https://www.linkedin.com/in/chandlerboy/,5%,4901,Renewal Sales Specialist ,Adobe,"Spanish Fork, Utah",4686,369,,215
Adir,Ben-Yehuda,340,https://www.linkedin.com/in/adir-ben-yehuda-5465261b/,2%,13674,Vice President of Sales and Founding Member,Walnut,"San Antonio, Texas",13467,228,,207
Ollie,Whitfield,341,https://www.linkedin.com/in/olliewhitfield/,3%,7679,Demand Generation - Team Lead,VanillaSoft,"Whitfield, England",7479,328,,200
Brooke,Bachesta,342,https://www.linkedin.com/in/brooke-bachesta,3%,8102,Director of Commercial Learning Design,JLL,"Seattle, Washington",7904,317,,198
Michael,Lang,343,https://www.linkedin.com/in/sales-leadership-training/,3%,7987,Managing Director,SG Partners,"Brisbane, England",7792,319,,195
Daniel,Watkins,344,https://www.linkedin.com/in/d-watkins/,3%,6581,"Chairman Of The Board, Founder",DataBased,"Salt Lake City, Utah",6388,345,,193
Deb,Calvert,345,https://www.linkedin.com/in/debcalvertpeoplefirst,1%,20150,Founder of People First Leadership ,People First Productivity Solutions,"Kansas City, Missouri",19957,165,,193
Mike,Schultz,346,https://www.linkedin.com/in/mikeschultz50/,2%,8794,President,RAIN Group,"Boston, MA",8602,308,,192
Sue,Barrett,347,https://www.linkedin.com/in/suebarrett1/,2%,10536,Founder & Managing Director,Barrett Consulting Group Pty Ltd,"Melbourne, Victoria, Australia",10351,273,,185
Deanna,Ransom,348,https://www.linkedin.com/in/deeransom/,5%,3928,Co-Founder & Co-CEO,Red Monkey Consulting,"Atlanta, Georgia",3744,386,,184
David,Marsh,349,https://www.linkedin.com/in/davidmarsh/,5%,3667,Founder,Wave Representatives,"San Diego, California",3489,389,,178
Joe,Venuti,350,https://www.linkedin.com/in/joe-venuti-04b34b49/,1%,24026,Vice President of Commercial Sales,GMI - Global Market Innovators,"Phoenix, AZ",23848,140,,178
Ed,Ross,351,https://www.linkedin.com/in/coachedross/,5%,4020,CEO,Core AI,North Carolina,3845,383,,175
Melissa,Madian,352,https://www.linkedin.com/in/melissamadian/,3%,6617,Author,TMM Enablement Services Inc.,"Toronto, Ontario, Canada",6447,344,,170
Jeff,Davis,353,https://www.linkedin.com/in/meetjeffdavis/,2%,9182,Founder,RevEngine,"Chicago, Illinois",9013,295,Top Voice,169
Jeff,Swan,354,https://www.linkedin.com/in/jeffswan18/,3%,6237,Business Broker & Commercial REALTOR®,Business Broker & Commercial Real Estate Agent,Business Finders Canada,6069,350,,168
Robert,McLaws,355,https://www.linkedin.com/in/robertmclaws/,6%,2771,Co-Founder & CEO,BurnRate.io,"Tallahassee, Florida",2604,397,,167
Christian,Erba,356,https://www.linkedin.com/in/christian-erba-springorum-a949191ba,3%,5809,Senior AE,Contractbook,"Copenhagen, Capital Region, Denmark",5643,357,,166
Mark,Hunter,357,https://www.linkedin.com/in/markhunter/,0%,306013,"Lead Sales Hunter, Sales Speaker, and Sales Trainer/Consultant",The Sales Hunter,Dallas-Fort Worth Metroplex,305848,2,,165
Nancy,Bleeke,358,https://www.linkedin.com/in/nancybleeke,3%,5807,President and Chief Sales Officer,Sales Pro Insider,"Boca Raton, Florida",5644,358,,163
Kendra,Lee,359,https://www.linkedin.com/in/kendralee/,2%,9403,"Author, Sales & Marketing B2B Lead Generation Authority, Speaker & President",KLA Group,"Littleton, Colorado",9247,290,,156
Bill,Kiani,360,https://www.linkedin.com/in/billkiani,3%,6099,Head Of Sales & Business Development ,Xpedeon ,"Sonning, England",5945,354,,154
Kenny,Baldo,361,https://www.linkedin.com/in/ken-baldo/,2%,9395,General Manager (USA),3d Signals,"New York City, New York",9244,291,,151
Travis,Gibson,362,https://www.linkedin.com/in/travisgibsonyeg/,4%,4167,President & Founder,Gibson Growth,"Fort Saskatchewan, Alberta, Canada",4016,379,,151
Chris,Schaum,363,www.linkedin.com/in/chrisschaum,2%,7160,Director Of Business Development,Verisk,"Austin, Texas",7014,336,,146
Eric,Lofholm,364,https://www.linkedin.com/in/ericlofholm/,1%,20315,Owner & President ,Eric Lofholm International,"Sacramento, California",20174,163,,141
Kevin,Kuder,365,https://www.linkedin.com/in/kevinkuder/,3%,5364,President,"AlphaWellness Management, Inc","Carlsbad, California",5224,361,,140
Nathan,Easom,366,https://www.linkedin.com/in/nathaneasom,2%,6922,Sales Director,Bamboo Rose,"Bloomfield, New Jersey",6782,340,,140
Jimmy,Curtin,367,https://www.linkedin.com/in/jimmycurtin-salescoach/,2%,7139,Founder/CEO/Certified Sales Coach/Fractional Sales Leader/Sales Trainer/Sales Process Developer,"Next Level Sales Performance, LLC","Dallas-Fort Worth, TX",7004,337,,135
Jennifer,Samples,368,linkedin.com/in/jensamples,2%,7684,CEO,715 Edge,"Atlanta, Georgia",7551,326,,133
Eric,Gonzalez,369,https://www.linkedin.com/in/ericegonzalez/,1%,9125,Senior Account Executive,Altium®,"San Francisco, California",8994,299,,131
Ron,Karr,370,https://www.linkedin.com/in/ronkarr/,2%,6528,Sales Growth Expert and Creator of the VELOCITY MINDSET™,"Karr Associates, Inc.","Westwood, New Jersey",6401,347,,127
Christy,Civitanova,371,https://www.linkedin.com/in/christy-civitanova-51469b78,3%,4065,Senior Account Director - Agency,GWI,,3941,381,,124
Art,Sobczak,372,https://www.linkedin.com/in/artsob/,2%,7902,"Helping sales pros get through, get in, and sell more, without ""rejection""",Business By Phone Inc,"Scottsdale, Arizona",7782,323,,120
Branden,Thorne,373,https://www.linkedin.com/in/brandenthorne/,2%,4974,Strategic Business Development Representative,Experian Employer Services,"Atlanta, Georgia",4865,365,,109
Jennifer,Gitomer,374,https://www.linkedin.com/in/jennifergitomer/,1%,8539,Chief Executive Officer and Founder,Sales in a New York Minute · Self-employed,"Charlotte, NC",8432,312,,107
Jen,Lyttle,375,https://www.linkedin.com/in/jenlyttle,4%,2295,Vice President of Sales,Aunt Flow,"Palo Alto, California",2201,399,,94
Tara,Horstmeyer,376,https://www.linkedin.com/in/tarahorstmeyer/,0%,28001,Executive LinkedIn Trainer + Advisor,Happy Words ,"Atlanta, GA",27909,118,,92
Kyle,Porter,377,https://www.linkedin.com/in/kyleporter,0%,21107,CEO,Salesloft,"Atlanta, Georgia",21018,158,,89
Bob,Apollo,378,https://www.linkedin.com/in/bobapollo/,1%,9408,Founder and Chief Outcomes Officer,Inflexion-Point Strategy Partners,"Poole, England",9329,289,,79
Patty,Irwin,379,https://www.linkedin.com/in/pattyirwin,3%,2417,Founder & Lead Voice Teacher,Patty Irwin Voice Studio,"Brooklyn, New York",2339,398,,78
Jason,Eatmon,380,https://www.linkedin.com/in/jason-eatmon/,2%,3988,Chief Experience Officer,ICU Technologies Inc,"Redding, California",3920,384,,68
Bob,Perkins,381,https://www.linkedin.com/in/perkinsbob/,1%,6817,AA-ISP,Board Member,"Phoenix, AZ",6756,342,,61
Nancy,Nardin,382,https://www.linkedin.com/in/nancynardin/,0%,14995,Advisor to SalesTech Vendors and Digital Transformation Leaders,NancyNardin.com,"Sacramento, California",14934,216,,61
Jeff,Davis,383,https://www.linkedin.com/in/jeffdavis/,3%,2123,Sr. Communications Strategist & Copywriter,Commas + Words,"Houston, TX",2062,401,,61
Sarah,Holland,384,https://www.linkedin.com/in/sarah-holland-6a983/,1%,4969,Sales Director,Unanet ,"Oakton, Virginia",4911,366,,58
Flyn,Penoyer,385,https://www.linkedin.com/in/flynpenoyer,0%,18371,Inside Sales Strategist,Penoyer Communications,San Jose,18321,177,,50
Steven,Norman,386,https://www.linkedin.com/in/growth-coach/,1%,7680,Founder,Growth Acumen,"Sydney, Australia",7641,327,,39
Oosman,Kader,387,https://www.linkedin.com/in/okader/,1%,6205,Senior Account Manager,Telstra,"Melbourne, Victoria, Australia",6166,352,,39
James,Parry,388,https://www.linkedin.com/in/jamesparry858/,0%,40885,Brand Ambassador,Alluviance,"San Diego, California",40855,77,,30
Jeff,Mahoney,389,https://www.linkedin.com/in/jeffmahoney1/,1%,2282,Founder,BPI Sales Solutions,"Orange, California",2254,400,,28
Katherine,McConnell,390,https://www.linkedin.com/in/katherine-mcconnell-vt/,0%,7921,Early-Stage Startups: Chief of Staff | Advisor | Community | Revenue | GTM | Strategy,Catalytic Sales & Marketing,"Burlington, Vermont",7894,321,,27
Janice,Mars,391,https://www.linkedin.com/in/janicemars/,0%,5924,Principal and Founder,SalesLatitude,"Bradenton, Florida",5897,356,,27
Kimberly,Shernoff,392,https://www.linkedin.com/in/kimberly-shernoff-57711a2/,0%,11375,Sales Enablement Director,Relative Insight,"Philadelphia, Pennsylvania",11363,257,,12
John,Smibert,393,https://www.linkedin.com/in/smibert/,0%,16279,Co Author,The Wentworth Prospect - EDVANCE,"Brisbane, Queensland, Australia",16274,202,,5
Jen,Ferguson,394,https://www.linkedin.com/in/jferg507/,0%,15269,Founder & Growth Strategist,Sales 911,"Tampa, Florida",15267,211,Salesforce,2
Kyle,Adams,395,https://www.linkedin.com/in/kylefranklinadams/,0%,16762,Account Executive,Vanta,"Austin, Texas",16763,194,,-1
Lianne,Fontaine,396,https://www.linkedin.com/in/liannefontaine,0%,10926,Account Executive,Highspot,"London, England, United Kingdom",10950,268,,-24
Dan,D’Amato,397,https://www.linkedin.com/in/dan-d%E2%80%99amato-0243671a/,0%,24323,Regional Sales Director,Netsuite,"Cary, North Carolina",24400,139,,-77
Trish,Bertuzzi,398,https://www.linkedin.com/in/trishbertuzzi/,0%,251795,CEO,The Bridge Group,Massachusetts,251958,4,,-163
Peter,Strohkorb,399,https://www.linkedin.com/in/peterstrohkorbsalesmarketing/,-1%,14754,Founder & Principal,Peter Strohkorb Sales Advisory,"Sydney, Australia",14921,218,,-167
Andy,Paul,400,https://www.linkedin.com/in/realandypaul/,0%,190696,Sell Without Selling Out,Sell Without Selling Out,"San Diego, California",190876,8,,-180
Mike,Kunkle,401,https://www.linkedin.com/in/mikekunkle/,0%,208089,"Vice President, Sales Effectiveness Services",SPARXiQ,"New Ipswich, NH",208389,7,,-300
Maximus,Greenwald,402,https://www.linkedin.com/in/max-greenwald/,,19740,"Co-Founder & CEO",Warmly,Berlin Metropolitan Area,,,,
Desanka,Murdzeva,403,https://www.linkedin.com/in/desankamurdzeva/,,8283,Senior SDR,Warmly,United States,,,,
Alan,Zhao,404,https://www.linkedin.com/in/alan-j-zhao/,,12066,"Co-founder, Head of Marketing",Warmly,Washington DC-Baltimore Area,,,,
Keegan,Otter,405,https://www.linkedin.com/in/keeganotter/,,8480,Head of Revenue & Operations,Warmly,Greater Phoenix Area,,,,
Katherine,Barnes,406,https://www.linkedin.com/in/katherinecbarnes/,,3515,Account Executive,Warmly,"Austin, Texas, United States",,,,
Cynthia,Handal,407,https://www.linkedin.com/in/cynthia-h-05a2005a/,,19628,Head of Global Sales & Evangelism,Simera,"Miami, Florida, United States",11343,,Top Lead Generation Voice,
Saurav,Gupta,408,https://www.linkedin.com/in/saurav-gupta-salesrobot/,,11442,Founder,Salesrobot,United States,9334,,,
Matthew,Putnam,409,https://www.linkedin.com/in/matthewrichardputnam,,23123,"Director, Global Sales Development",Thomas,"Newbury, England, United Kingdom",,,Top Sales Development Voice,
Robert,Bradley,,https://www.linkedin.com/in/robert-bradley-4354b636/,26%,3201,Founder,Profit Labs AI,Dallas,,,Top Lead Generation Voice,